<?xml version="1.0" encoding="UTF-8"?>

<DBMetaData driverMajorVersion="9" driverMinorVersion="0" driverVersion="PostgreSQL 9.0 JDBC3 (build 802)" productVersion="9.3.19" identifierQuoteString="&quot;" transactionLevel="Read Committed" driverName="PostgreSQL Native Driver" productName="PostgreSQL">
  <Schema name="information_schema"/>
  <Schema name="pg_catalog"/>
  <Schema name="public"/>
  <Table schema="public" ignoreIndexes="false" name="collections" type="TABLE" refreshed="true">
    <Column sqlTypeId="4" indexed="unknown" autoIncrement="false" type="int4" size="10" decimalDigits="0" name="oid_collection" primaryKey="true" notNull="true"/>
    <Column sqlTypeId="12" indexed="unknown" autoIncrement="false" type="varchar" size="255" decimalDigits="0" name="title" primaryKey="false" notNull="false"/>
    <Column sqlTypeId="12" indexed="unknown" autoIncrement="false" type="varchar" size="255" decimalDigits="0" name="description" primaryKey="false" notNull="false"/>
    <Column sqlTypeId="93" indexed="unknown" autoIncrement="false" type="timestamp" size="29" decimalDigits="6" name="timestamp" primaryKey="false" notNull="false"/>
    <Column sqlTypeId="4" indexed="unknown" autoIncrement="false" type="int4" size="10" decimalDigits="0" name="user_oid_user" primaryKey="false" notNull="false"/>
  </Table>
  <Table schema="public" ignoreIndexes="false" name="collections_keywords" type="TABLE" refreshed="true">
    <Column sqlTypeId="4" indexed="unknown" autoIncrement="false" type="int4" size="10" decimalDigits="0" name="collections_oid_collection" primaryKey="true" notNull="true"/>
    <Column sqlTypeId="4" indexed="unknown" autoIncrement="false" type="int4" size="10" decimalDigits="0" name="keywords_oid_keyword" primaryKey="true" notNull="true"/>
  </Table>
  <Table schema="public" ignoreIndexes="false" name="collections_publications" type="TABLE" refreshed="true">
    <Column sqlTypeId="4" indexed="unknown" autoIncrement="false" type="int4" size="10" decimalDigits="0" name="collections_oid_collection" primaryKey="true" notNull="true"/>
    <Column sqlTypeId="4" indexed="unknown" autoIncrement="false" type="int4" size="10" decimalDigits="0" name="publications_oid_publication" primaryKey="true" notNull="true"/>
  </Table>
  <Table schema="public" ignoreIndexes="false" name="collections_user" type="TABLE" refreshed="true">
    <Column sqlTypeId="4" indexed="unknown" autoIncrement="false" type="int4" size="10" decimalDigits="0" name="collections_oid_collection" primaryKey="true" notNull="true"/>
    <Column sqlTypeId="4" indexed="unknown" autoIncrement="false" type="int4" size="10" decimalDigits="0" name="user_oid_user" primaryKey="true" notNull="true"/>
  </Table>
  <Table schema="public" ignoreIndexes="false" name="comments" type="TABLE" refreshed="true">
    <Column sqlTypeId="4" indexed="unknown" autoIncrement="false" type="int4" size="10" decimalDigits="0" name="oid_comment" primaryKey="true" notNull="true"/>
    <Column sqlTypeId="12" indexed="unknown" autoIncrement="false" type="varchar" size="255" decimalDigits="0" name="title" primaryKey="false" notNull="false"/>
    <Column sqlTypeId="12" indexed="unknown" autoIncrement="false" type="text" size="2147483647" decimalDigits="0" name="content" primaryKey="false" notNull="false"/>
    <Column sqlTypeId="93" indexed="unknown" autoIncrement="false" type="timestamp" size="29" decimalDigits="6" name="timestamp" primaryKey="false" notNull="false"/>
    <Column sqlTypeId="4" indexed="unknown" autoIncrement="false" type="int4" size="10" decimalDigits="0" name="oid_publication" primaryKey="false" notNull="false"/>
    <Column sqlTypeId="4" indexed="unknown" autoIncrement="false" type="int4" size="10" decimalDigits="0" name="oid_user" primaryKey="false" notNull="false"/>
  </Table>
  <Table schema="public" ignoreIndexes="false" name="group" type="TABLE" refreshed="true">
    <Column sqlTypeId="4" indexed="unknown" autoIncrement="false" type="int4" size="10" decimalDigits="0" name="oid" primaryKey="true" notNull="true"/>
    <Column sqlTypeId="12" indexed="unknown" autoIncrement="false" type="varchar" size="255" decimalDigits="0" name="groupname" primaryKey="false" notNull="false"/>
    <Column sqlTypeId="4" indexed="unknown" autoIncrement="false" type="int4" size="10" decimalDigits="0" name="module_oid" primaryKey="false" notNull="false"/>
  </Table>
  <Table schema="public" ignoreIndexes="false" name="group_module" type="TABLE" refreshed="true">
    <Column sqlTypeId="4" indexed="unknown" autoIncrement="false" type="int4" size="10" decimalDigits="0" name="group_oid" primaryKey="true" notNull="true"/>
    <Column sqlTypeId="4" indexed="unknown" autoIncrement="false" type="int4" size="10" decimalDigits="0" name="module_oid" primaryKey="true" notNull="true"/>
  </Table>
  <Table schema="public" ignoreIndexes="false" name="keywords" type="TABLE" refreshed="true">
    <Column sqlTypeId="4" indexed="unknown" autoIncrement="false" type="int4" size="10" decimalDigits="0" name="oid_keyword" primaryKey="true" notNull="true"/>
    <Column sqlTypeId="12" indexed="unknown" autoIncrement="false" type="varchar" size="255" decimalDigits="0" name="name" primaryKey="false" notNull="false"/>
    <Column sqlTypeId="93" indexed="unknown" autoIncrement="false" type="timestamp" size="29" decimalDigits="6" name="timestamp" primaryKey="false" notNull="false"/>
  </Table>
  <Table schema="public" ignoreIndexes="false" name="list_of_authors" type="TABLE" refreshed="true">
    <Column sqlTypeId="4" indexed="unknown" autoIncrement="false" type="int4" size="10" decimalDigits="0" name="publications_oid_publication" primaryKey="true" notNull="true"/>
    <Column sqlTypeId="4" indexed="unknown" autoIncrement="false" type="int4" size="10" decimalDigits="0" name="user_oid_user" primaryKey="true" notNull="true"/>
  </Table>
  <Table schema="public" ignoreIndexes="false" name="module" type="TABLE" refreshed="true">
    <Column sqlTypeId="4" indexed="unknown" autoIncrement="false" type="int4" size="10" decimalDigits="0" name="oid" primaryKey="true" notNull="true"/>
    <Column sqlTypeId="12" indexed="unknown" autoIncrement="false" type="varchar" size="255" decimalDigits="0" name="moduleid" primaryKey="false" notNull="false"/>
    <Column sqlTypeId="12" indexed="unknown" autoIncrement="false" type="varchar" size="255" decimalDigits="0" name="modulename" primaryKey="false" notNull="false"/>
  </Table>
  <Table schema="public" ignoreIndexes="false" name="notifications" type="TABLE" refreshed="true">
    <Column sqlTypeId="4" indexed="unknown" autoIncrement="false" type="int4" size="10" decimalDigits="0" name="notification_oid" primaryKey="true" notNull="true"/>
    <Column sqlTypeId="93" indexed="unknown" autoIncrement="false" type="timestamp" size="29" decimalDigits="6" name="timestamp" primaryKey="false" notNull="false"/>
    <Column sqlTypeId="-7" indexed="unknown" autoIncrement="false" type="bool" size="1" decimalDigits="0" name="isprocessed" primaryKey="false" notNull="false"/>
    <Column sqlTypeId="12" indexed="unknown" autoIncrement="false" type="text" size="2147483647" decimalDigits="0" name="content" primaryKey="false" notNull="false"/>
    <Column sqlTypeId="4" indexed="unknown" autoIncrement="false" type="int4" size="10" decimalDigits="0" name="user_oid_user" primaryKey="false" notNull="false"/>
    <Column sqlTypeId="4" indexed="unknown" autoIncrement="false" type="int4" size="10" decimalDigits="0" name="publications_oid_publication" primaryKey="false" notNull="false"/>
  </Table>
  <Table schema="public" ignoreIndexes="false" name="publications" type="TABLE" refreshed="true">
    <Column sqlTypeId="4" indexed="unknown" autoIncrement="false" type="int4" size="10" decimalDigits="0" name="oid_publication" primaryKey="true" notNull="true"/>
    <Column sqlTypeId="12" indexed="unknown" autoIncrement="false" type="varchar" size="255" decimalDigits="0" name="title" primaryKey="false" notNull="false"/>
    <Column sqlTypeId="12" indexed="unknown" autoIncrement="false" type="varchar" size="255" decimalDigits="0" name="venue" primaryKey="false" notNull="false"/>
    <Column sqlTypeId="12" indexed="unknown" autoIncrement="false" type="text" size="2147483647" decimalDigits="0" name="year" primaryKey="false" notNull="false"/>
    <Column sqlTypeId="12" indexed="unknown" autoIncrement="false" type="varchar" size="255" decimalDigits="0" name="pdf_file" primaryKey="false" notNull="false"/>
    <Column sqlTypeId="93" indexed="unknown" autoIncrement="false" type="timestamp" size="29" decimalDigits="6" name="timestamp" primaryKey="false" notNull="false"/>
    <Column sqlTypeId="12" indexed="unknown" autoIncrement="false" type="text" size="2147483647" decimalDigits="0" name="abstract" primaryKey="false" notNull="false"/>
    <Column sqlTypeId="-7" indexed="unknown" autoIncrement="false" type="bool" size="1" decimalDigits="0" name="isclaimed" primaryKey="false" notNull="false"/>
    <Column sqlTypeId="4" indexed="unknown" autoIncrement="false" type="int4" size="10" decimalDigits="0" name="user_oid_user" primaryKey="false" notNull="false"/>
  </Table>
  <Table schema="public" ignoreIndexes="false" name="publications_keywords" type="TABLE" refreshed="true">
    <Column sqlTypeId="4" indexed="unknown" autoIncrement="false" type="int4" size="10" decimalDigits="0" name="publications_oid_publication" primaryKey="true" notNull="true"/>
    <Column sqlTypeId="4" indexed="unknown" autoIncrement="false" type="int4" size="10" decimalDigits="0" name="keywords_oid_keyword" primaryKey="true" notNull="true"/>
  </Table>
  <Table schema="public" ignoreIndexes="false" name="user" type="TABLE" refreshed="true">
    <Column sqlTypeId="4" indexed="unknown" autoIncrement="false" type="int4" size="10" decimalDigits="0" name="oid_user" primaryKey="true" notNull="true"/>
    <Column sqlTypeId="12" indexed="unknown" autoIncrement="false" type="varchar" size="255" decimalDigits="0" name="username" primaryKey="false" notNull="false"/>
    <Column sqlTypeId="12" indexed="unknown" autoIncrement="false" type="varchar" size="255" decimalDigits="0" name="password" primaryKey="false" notNull="false"/>
    <Column sqlTypeId="12" indexed="unknown" autoIncrement="false" type="varchar" size="255" decimalDigits="0" name="email" primaryKey="false" notNull="false"/>
    <Column sqlTypeId="12" indexed="unknown" autoIncrement="false" type="varchar" size="255" decimalDigits="0" name="name" primaryKey="false" notNull="false"/>
    <Column sqlTypeId="12" indexed="unknown" autoIncrement="false" type="varchar" size="255" decimalDigits="0" name="affiliation" primaryKey="false" notNull="false"/>
    <Column sqlTypeId="93" indexed="unknown" autoIncrement="false" type="timestamp" size="29" decimalDigits="6" name="timestamp" primaryKey="false" notNull="false"/>
    <Column sqlTypeId="8" indexed="unknown" autoIncrement="false" type="float8" size="17" decimalDigits="17" name="reputation" primaryKey="false" notNull="false"/>
    <Column sqlTypeId="4" indexed="unknown" autoIncrement="false" type="int4" size="10" decimalDigits="0" name="group_oid" primaryKey="false" notNull="false"/>
  </Table>
  <Table schema="public" ignoreIndexes="false" name="user_group" type="TABLE" refreshed="true">
    <Column sqlTypeId="4" indexed="unknown" autoIncrement="false" type="int4" size="10" decimalDigits="0" name="user_oid" primaryKey="true" notNull="true"/>
    <Column sqlTypeId="4" indexed="unknown" autoIncrement="false" type="int4" size="10" decimalDigits="0" name="group_oid" primaryKey="true" notNull="true"/>
  </Table>
  <Table schema="public" ignoreIndexes="false" name="user_keywords" type="TABLE" refreshed="true">
    <Column sqlTypeId="4" indexed="unknown" autoIncrement="false" type="int4" size="10" decimalDigits="0" name="user_oid_user" primaryKey="true" notNull="true"/>
    <Column sqlTypeId="4" indexed="unknown" autoIncrement="false" type="int4" size="10" decimalDigits="0" name="keywords_oid_keyword" primaryKey="true" notNull="true"/>
  </Table>
</DBMetaData>
