<?xml version="1.0" encoding="UTF-8"?>

<Warnings> 
  <Warning xpath="id('sv2#page4#inu1#ln20#par57')" rootXPath="id('sv2')" key="UNUSED_PASSING_PARAMETER" label="Owner Name_PASSING"> 
    <Message>The passing parameter 'Owner Name_PASSING' is declared but never used</Message>  
    <Resolution class="com.webratio.ide.ui.resources.RemoveElementResolutionGenerator">Remove the invalid link parameter 'sv2#page4#inu1#ln20#par57'</Resolution> 
  </Warning>  
  <Warning xpath="id('sv2#page4#inu1#ln20#par66')" rootXPath="id('sv2')" key="UNUSED_PASSING_PARAMETER" label="Title_PASSING"> 
    <Message>The passing parameter 'Title_PASSING' is declared but never used</Message>  
    <Resolution class="com.webratio.ide.ui.resources.RemoveElementResolutionGenerator">Remove the invalid link parameter 'sv2#page4#inu1#ln20#par66'</Resolution> 
  </Warning>  
  <Warning xpath="id('sv2#page4#inu1#ln20#par67')" rootXPath="id('sv2')" key="UNUSED_PASSING_PARAMETER" label="Venue_PASSING"> 
    <Message>The passing parameter 'Venue_PASSING' is declared but never used</Message>  
    <Resolution class="com.webratio.ide.ui.resources.RemoveElementResolutionGenerator">Remove the invalid link parameter 'sv2#page4#inu1#ln20#par67'</Resolution> 
  </Warning>  
  <Warning xpath="id('sv2#page4#inu1#ln20#par68')" rootXPath="id('sv2')" key="UNUSED_PASSING_PARAMETER" label="Year_PASSING"> 
    <Message>The passing parameter 'Year_PASSING' is declared but never used</Message>  
    <Resolution class="com.webratio.ide.ui.resources.RemoveElementResolutionGenerator">Remove the invalid link parameter 'sv2#page4#inu1#ln20#par68'</Resolution> 
  </Warning>  
  <Warning xpath="id('sv2#page4#inu1#ln24#par85')" rootXPath="id('sv2')" key="UNUSED_PASSING_PARAMETER" label="Owner Name_PASSING"> 
    <Message>The passing parameter 'Owner Name_PASSING' is declared but never used</Message>  
    <Resolution class="com.webratio.ide.ui.resources.RemoveElementResolutionGenerator">Remove the invalid link parameter 'sv2#page4#inu1#ln24#par85'</Resolution> 
  </Warning>  
  <Warning xpath="id('sv2#page4#inu1#ln24#par86')" rootXPath="id('sv2')" key="UNUSED_PASSING_PARAMETER" label="Title_PASSING"> 
    <Message>The passing parameter 'Title_PASSING' is declared but never used</Message>  
    <Resolution class="com.webratio.ide.ui.resources.RemoveElementResolutionGenerator">Remove the invalid link parameter 'sv2#page4#inu1#ln24#par86'</Resolution> 
  </Warning>  
  <Warning xpath="id('sv2#page4#inu1#ln24#par87')" rootXPath="id('sv2')" key="UNUSED_PASSING_PARAMETER" label="Year_PASSING"> 
    <Message>The passing parameter 'Year_PASSING' is declared but never used</Message>  
    <Resolution class="com.webratio.ide.ui.resources.RemoveElementResolutionGenerator">Remove the invalid link parameter 'sv2#page4#inu1#ln24#par87'</Resolution> 
  </Warning>  
  <Warning xpath="id('sv2#page4#gtu1#ln2#par14')" rootXPath="id('sv2')" key="UNUSED_PASSING_PARAMETER" label="UserCtxParam.oid_user_PASSING"> 
    <Message>The passing parameter 'UserCtxParam.oid_user_PASSING' is declared but never used</Message>  
    <Resolution class="com.webratio.ide.ui.resources.RemoveElementResolutionGenerator">Remove the invalid link parameter 'sv2#page4#gtu1#ln2#par14'</Resolution> 
  </Warning>  
  <Warning xpath="id('sv2#page4#gtu1#ln27#par89')" rootXPath="id('sv2')" key="UNUSED_PASSING_PARAMETER" label="UserCtxParam.oid_user_PASSING"> 
    <Message>The passing parameter 'UserCtxParam.oid_user_PASSING' is declared but never used</Message>  
    <Resolution class="com.webratio.ide.ui.resources.RemoveElementResolutionGenerator">Remove the invalid link parameter 'sv2#page4#gtu1#ln27#par89'</Resolution> 
  </Warning>  
  <Warning xpath="id('sv2#page4#seu1#ln16#par29')" rootXPath="id('sv2')" key="UNUSED_PASSING_PARAMETER" label="oid_user_PASSING"> 
    <Message>The passing parameter 'oid_user_PASSING' is declared but never used</Message>  
    <Resolution class="com.webratio.ide.ui.resources.RemoveElementResolutionGenerator">Remove the invalid link parameter 'sv2#page4#seu1#ln16#par29'</Resolution> 
  </Warning>  
  <Warning xpath="id('sv2#page4#enu4#ln23#par81')" rootXPath="id('sv2')" key="UNUSED_PASSING_PARAMETER" label="Comments Object_PASSING"> 
    <Message>The passing parameter 'Comments Object_PASSING' is declared but never used</Message>  
    <Resolution class="com.webratio.ide.ui.resources.RemoveElementResolutionGenerator">Remove the invalid link parameter 'sv2#page4#enu4#ln23#par81'</Resolution> 
  </Warning>  
  <Warning xpath="id('sv2#page4#enu4#ln23#par82')" rootXPath="id('sv2')" key="UNUSED_PASSING_PARAMETER" label="Key [oid_comment]_PASSING"> 
    <Message>The passing parameter 'Key [oid_comment]_PASSING' is declared but never used</Message>  
    <Resolution class="com.webratio.ide.ui.resources.RemoveElementResolutionGenerator">Remove the invalid link parameter 'sv2#page4#enu4#ln23#par82'</Resolution> 
  </Warning>  
  <Warning error="false" xpath="id('sv2#page4#inu1')" rootXPath="id('sv2')" key="UNSPECIFIED_SORTING_ATTRIBUTE" label="Owned Publications"> 
    <Message>Sorting attribute are unspecified for the component 'Owned Publications'</Message> 
  </Warning>  
  <Warning error="false" xpath="id('sv2#page4#mciu2')" rootXPath="id('sv2')" key="UNSPECIFIED_SORTING_ATTRIBUTE" label="Notifications"> 
    <Message>Sorting attribute are unspecified for the component 'Notifications'</Message> 
  </Warning>  
  <Warning error="false" xpath="id('sv2#page4#mdu1')" rootXPath="id('sv2')" key="UNSPECIFIED_SORTING_ATTRIBUTE" label="Comments"> 
    <Message>Sorting attribute are unspecified for the component 'Comments'</Message> 
  </Warning> 
</Warnings>
